procedure_id,mean,stdev,count
280,396.9754638350631,60.7195176511007,150021
1688,1095.1470582433299,247.14679378830795,40554
562,1472.1370330739298,283.66296830053255,1028
288,484.9220636522289,90.0065797822611,157575
515,1249.1586278368904,260.87703086405054,16259
283,951.8478162266781,182.90487600763134,166368
278,587.8762171397852,130.6296544344429,234402
282,677.3518709983153,127.03724040248619,768114
914,1497.4438095238095,195.60443077258878,63
1320,1035.7062017706855,208.2542041554023,27447
140,470.949152855498,88.54865829155051,74698
1359,1630.9099004975126,208.4202924512456,201
167,536.1209395639191,111.053065141595,132636
1005,1150.9936171416812,202.1244105237157,19438
1370,896.817809983897,160.58500776697508,621
96,800.6303860575119,248.650502427494,69342
491,1297.3895575718418,271.89272528561963,71198
112,704.7280568720379,203.8981499083174,844
169,655.2524010580152,154.92942504347897,91114
459,1430.7035162650125,267.690447859843,12573
95,542.4493900096928,137.29862241245573,332202
506,1240.1148012232416,239.80018816936197,654
194,763.8972148485313,153.0970929554018,52288
457,1129.047748606034,218.78110091792536,27081
698,1922.4295297286099,433.02221620016076,4827
456,1014.5712325581397,200.05212649214894,31820
1326,1352.3882187981508,242.779554690649,19470
297,449.87434778542234,103.74475664337173,171071
97,808.939559313166,214.9473387729979,42048
142,608.9766250507512,133.5384431792129,9852
997,614.9393639219871,100.96881062623486,16869
493,1556.7868498822188,299.6512659038676,14009
141,531.5811514762974,111.28074243539335,28077
434,457.2854564501646,83.07312838656574,3341
487,1336.9144164150846,264.6286133909022,19543
490,1113.8643905136594,218.05483197776553,63291
143,643.8663217442546,150.5691034580797,8485
85,1001.3713639733137,190.9341366729452,45866
101,546.3812612074119,80.63867912838937,1673
488,1527.1697227356747,278.55869936211167,7574
486,1248.2293726416187,252.14825349701144,43197
1037,725.8397421052633,189.5836649705621,3800
494,1602.6322467532468,332.81628503927163,3850
492,1388.0030925797844,288.3709084815012,30363
93,674.4054974382504,126.2216649862979,13077
196,717.9214365881032,135.6575144505178,891
1003,582.3165551995339,126.93395698401399,17165
441,1292.731701986755,252.1265481915724,3020
1530,547.28125,101.25145720402003,32
111,1194.6208607594936,288.2713944651013,790
260,889.0347703180212,221.1885997704451,566
587,2466.96741449917,489.5545875188968,9035
1009,434.7271602087934,88.33132267528534,9962
481,1233.40488005997,174.1741265532651,2668
485,1083.832052540799,205.67254524682994,30148
415,1272.9984854523716,222.23480420585878,2509
1606,1349.464,264.738580781117,40
134,888.9568804664724,214.8700089318504,1372
416,1454.1948013245033,281.3523928272682,1208
1205,710.6600000000001,147.78856454465443,59
386,985.5696466253557,193.56309961249096,5971
423,947.8372727272726,175.7738941663491,352
306,612.1572559440559,109.29920673571958,3575
556,1373.119097744361,223.92392269267066,133
1004,890.8264573931509,183.97316798585248,15068
1329,1296.4293612637362,256.63814357650926,1456
284,1168.3000323383085,236.6200284763385,20100
1646,1048.3016825863335,189.8844729321624,1361
489,1564.3857728395062,294.1190474862685,2025
1357,1732.1966899371698,465.6379621229404,10027
1661,827.5004672897195,126.41166316402054,107
435,571.485443856555,91.54338921703466,1701
618,732.072027027027,127.09154079043088,74
349,1367.9094311377246,303.4040973112348,668
721,2733.381791907514,666.3375351527455,519
374,668.0494692737431,177.16992659101547,358
678,1026.9687042253522,200.20182323467984,355
620,910.5702173913043,171.40485443766596,644
380,767.0063161711385,137.59957546924176,1379
414,1179.2379358552632,218.63353927196985,4864
4,840.5944864864865,129.15473610251107,370
1195,926.1727777777778,179.24925447870862,36
928,846.4475384615387,191.3417696127958,130
792,950.616,155.97025044539743,5
458,1280.4608304462488,226.47683063755048,19339
94,598.6831055618616,111.84729242912702,4405
1644,850.7339081925405,151.07980299611768,3137
517,1444.1945308641975,276.4378590276525,810
1006,1322.6394431115043,232.42468251958385,7919
549,925.5573199635369,170.7795433000473,2194
583,2471.432207914944,491.0075758826261,8465
29,660.5383430189243,113.93077272824942,6711
147,793.3705139664803,169.96042624489024,895
193,741.4675844486934,105.23497136978833,1569
138,1046.351001850995,198.6183786426903,4322
516,1336.3462358110582,262.19690555142176,2731
475,1193.7537246753247,170.64426792416305,1925
333,1834.3885877560258,431.4771589171227,8837
313,500.6423956740841,101.34290446495872,17661
37,660.6381672025724,162.9503916367892,311
1643,716.6289305816134,131.09179691844423,1066
514,1094.3095702548976,223.93339383869514,4747
718,2646.3241140404657,661.8975272919904,1631
431,773.9480851063831,311.04387153541126,47
652,2325.829400977995,408.79261907838594,818
479,746.3643850267379,94.39946061672579,187
119,851.8603217612193,180.44615055426962,1181
1038,836.0557629870129,166.8421075713006,616
56,438.6101229946524,86.10486254031461,1870
168,598.483431708991,131.55041431929513,2914
6,808.439677419355,91.88808197787873,93
292,680.8097512690355,108.46065262216536,13790
1395,837.6151612903227,212.9553632824974,62
702,1886.6000630914825,553.2125770374577,317
391,529.5882659279779,97.52416247480045,1805
252,601.7751631477927,107.38244400926682,521
1031,1173.7279432624114,199.432436983811,141
1689,1157.7057131011607,271.1009091804898,1206
590,2598.4311632270164,609.9721016560077,533
334,1854.9908683559947,434.29399217246987,3236
504,1059.7323479188901,215.34171203754266,937
712,2481.936859273066,600.0834840649244,4292
1525,2556.245899305555,705.5244315233484,2880
84,905.2361557916034,174.2562004179744,3954
932,2321.0974089068823,596.1624444320364,247
1033,712.5596666666665,178.30571247127472,60
705,2092.020789865872,488.3176826437228,2013
1514,3188.610609137056,630.5570348337326,197
1373,1263.7309022556392,209.64513047891617,399
520,1086.7625642292492,248.4069931732147,4048
8,632.1043792325056,126.2698361334386,443
476,1285.9216235780764,154.6566631283664,967
277,584.8430461538461,81.71530613396182,650
205,992.8258561643836,199.1454549236129,292
1156,1054.0984300341297,227.34088081337853,293
460,1495.7479978442468,281.06446155458536,3711
437,743.4927843137255,104.76279869815968,255
1584,996.9062711864407,280.63989792638154,59
1252,691.0054347826087,128.22454322664024,138
263,779.2594676806083,84.00844017269311,263
145,730.7183176058237,165.7836925243568,3709
619,673.4279604079185,118.12292513323071,1667
133,1019.949513888889,244.89068386569576,288
819,1058.8042307692306,158.66651520558835,104
208,686.8592776523701,208.83360355386563,443
715,2563.8375444264943,555.3478757231562,619
83,763.7038862120089,136.71172324036547,5396
1645,956.1720632911392,178.73423602497252,2370
1610,1680.634380403458,450.2357100960047,694
1135,683.1372266666667,149.66873916945812,375
998,831.8344397463003,118.60667656478365,946
393,510.63099447513815,119.82922672249693,181
160,525.9466423357665,104.13234256602574,274
1647,1146.0314,201.53374032993418,300
1589,1286.1731868131867,560.3110470378944,364
1158,1492.3085397039029,318.17174983419136,1486
1321,833.4454743752648,151.11115879064647,4722
996,1452.91,0.0,1
35,470.92922043010753,86.09794353955233,1116
45,576.2004031919362,138.64522406696273,2381
30,922.3580968660968,165.9885048023523,1755
153,967.0962013422818,208.3542665793331,745
166,463.2272355597813,88.61125734332624,4207
285,1357.6480015673983,298.9467117133148,1276
474,953.9874559193955,145.5822865673137,1588
1261,710.64,0.0,2
1280,2365.5056018518517,515.5650624827855,432
1284,2318.613244365362,599.328498214441,1686
1217,1784.2958437499997,410.9024416762914,1280
1626,1786.8654302670625,439.2851464665298,337
410,1135.667009493671,209.76413492470243,632
1159,1517.2753061224491,314.853665356101,784
1354,1571.7127155060832,373.873816807773,7726
399,1069.444289353031,213.5840508791703,1963
951,2494.017640449438,663.3547277744575,89
144,692.4835479186834,156.10992871999878,2066
1602,1078.0797777777777,214.2805771429948,765
228,607.2455555555557,116.61715464726745,18
31,1120.5180617372578,216.54747690757586,1393
653,2545.5193617021273,527.290016503108,94
673,1103.226844262295,274.2012148299523,244
291,627.9247762073027,108.96381556215776,1698
302,459.52093849658314,79.13344570065576,2195
1648,1210.724574132492,241.26468047955274,317
87,892.7624957555178,174.44275280153266,1178
413,953.4316463414633,175.93581850013925,3280
1674,1666.1721428571427,457.9704005247902,210
595,2477.065861111111,454.01871187801237,1080
99,611.4046992481203,109.18892891436356,532
644,2391.3467204301073,450.8503558015023,186
648,2431.09880952381,391.6135199992485,84
1609,1660.7173309178747,393.2861408415264,828
1334,718.5592857142858,129.21597080990776,70
411,1328.3754054054054,224.97997294853704,259
259,707.5014256198349,130.451832541607,484
934,2674.30391188251,640.0140500031121,749
1667,1265.7182795698923,363.9715672300226,93
1463,911.7685279187818,213.10535774317879,197
315,369.32261209378856,64.68260408558832,2431
1218,1836.141803278689,376.790066019324,183
102,1266.2329487179488,182.85536473699625,78
90,624.3296428571429,84.00970345663917,168
409,1061.1828714859437,187.65217587876697,1494
1113,3084.781333333334,511.45403565216793,15
1676,1875.4169172932332,546.5648965755963,133
1435,1502.3976059850372,378.76046341275213,401
149,856.9731046025105,168.59240550846684,1195
1588,1269.7415191256832,535.7979958943099,915
1360,1823.2638297872338,482.06481480269264,1269
1116,2706.3415576323982,467.23436612266363,321
857,804.133180873181,142.46176031863328,481
408,890.2701470588235,192.12960833807418,612
677,979.4752484472049,182.87212149044623,644
1160,691.3206122448979,154.9108619583739,49
266,779.3528571428571,131.69831516130543,49
511,1301.382625,224.98703203042473,80
161,601.2748648648649,109.83725463992178,259
832,771.4969055374594,115.75572550631225,307
137,1028.7876959247649,181.68432795460112,638
1110,2754.6258620689655,570.2961155314882,377
483,1470.5074535315985,221.22527931209066,538
272,693.773487544484,121.71814093794168,281
913,1416.749722222222,200.1830230686979,36
1625,1640.9180952380952,396.8101248513732,525
7,518.0384309392266,122.69894704493532,905
1388,1709.5426446280992,321.5504290816492,121
63,688.5282758620689,122.08471130718368,116
640,1005.5525000000001,159.21903543407254,124
923,1536.8477653631285,479.38124011223334,537
355,1585.2883333333332,173.70493328406718,6
654,2339.9523222748817,369.1087697835151,422
919,2057.6789285714285,227.91499919047646,56
381,1054.4290865384614,198.98888583582956,208
1698,646.8287356321839,122.66570792483213,261
1076,1616.4952604166665,299.39857290010536,384
231,740.015341151386,147.95079725525545,938
296,694.1419469026548,68.19200340914566,113
1376,1375.806990049751,199.3411505251274,402
676,775.0165245478037,144.13916318754949,1548
222,986.9477456647398,160.11142054020857,173
480,1017.9433048737104,162.20605128507435,2811
957,2800.2212595419846,691.9212068395994,262
255,1132.51,169.62848301508802,4
507,1380.602356902357,238.7656142918875,297
904,567.8172012578616,62.178879130825315,1590
417,1487.269890909091,275.06000790238636,275
118,996.6710588235295,237.80817900014145,1445
510,1170.9339755351682,262.083344630709,327
1008,1586.1134828496042,419.92552369391785,379
852,2483.126,386.35175275953344,55
269,955.893102852204,167.38640708157618,1157
1026,900.4934513274337,147.50121064911838,226
274,683.222509090909,137.20515780881135,275
722,2551.4204716981126,785.1298383068736,212
1623,1437.8219680851066,295.82995014541973,188
482,1354.6885885167464,177.64919711444807,1254
286,1525.5453714285713,345.2059945990911,525
876,780.1798245614035,210.29355766334368,57
316,677.1151170298627,132.59859625919736,1239
104,551.1050140449438,83.01072430208704,712
1650,1314.6342361111112,310.5233514000103,144
151,904.6264222873901,193.6222044902326,341
398,943.4854670329671,168.36351934982474,364
967,802.5561925601751,173.25764734528045,457
1638,1243.11,0.0,1
1173,1858.6907964601771,315.95474773202875,113
388,931.1272164948455,182.07217286402488,97
509,1076.3956390977446,182.25637817506913,133
1202,1134.7533333333333,55.96364613647761,3
701,1952.7702482269501,402.71203383652056,282
1117,2634.854478260869,494.21622331283027,230
679,1229.7570538243624,267.7425408713832,1059
1148,1044.6664179104478,226.96874654139413,268
47,365.50567045454545,41.66194213008427,880
930,2470.7526325757576,650.4530141094684,528
1007,1494.499649122807,393.5706469664132,285
829,817.9805185185185,174.5847128826683,135
903,1121.320618556701,141.33628696331888,679
25,861.2156209150327,143.9577766429692,153
947,2085.84375,310.12143887264153,16
1336,436.6044848484848,75.76677633134268,165
135,1299.7498723404253,318.9351317884561,235
674,1686.8207792207793,272.0964878268452,77
1608,1545.82551607445,355.82355311345475,591
351,1769.0175,398.5027350091008,244
436,656.1152445652175,98.55001173783363,368
1507,653.6069620253164,102.7709422725161,158
1081,1853.2306666666668,303.78478666026416,30
519,1119.9618032786884,242.16156644814023,305
826,485.3327499999999,91.15605888891709,360
575,1030.7368421052631,290.3347607785597,38
614,1045.121150442478,266.61407927010936,113
833,785.7439696312365,138.92826750524083,461
719,2752.1592105263153,654.1256604318024,114
875,693.7147063369398,138.5929302908843,1294
1585,1032.4053125,260.77705315058364,96
672,976.556,172.2467373786801,125
666,1425.044549180328,231.37405147887173,244
1483,1373.3783582089552,234.75790785464417,201
926,745.6714285714286,178.48393344488795,98
963,1679.9551612903228,472.6947233296387,31
1035,530.4293835616438,101.36977655561381,146
211,1233.8032898172326,343.92941719432986,383
1028,1169.80792,247.487247442921,125
868,2270.7433333333333,275.32075382885483,6
1402,873.9013127413127,224.947485033701,259
146,772.434585106383,172.95064390504098,940
508,1406.8610606060606,327.5809601375402,330
944,2269.55276635514,610.5330358675265,1070
1485,1372.9442857142858,307.7757706446665,7
106,591.9276767676768,177.1432428930988,99
1088,2117.0320175438596,447.7724182857944,114
1362,1353.995357142857,304.3006781890258,84
505,1165.8957211079273,216.06537639126918,1047
942,2056.6272127659577,429.47793878656796,470
1333,407.8874117647058,71.54214151201072,85
543,1803.8037500000003,366.4465358614624,168
817,893.32460554371,160.57771444851758,469
13,585.4585238095239,119.05983076632764,210
1001,491.16366404715126,83.60207238992983,1018
40,1318.1871428571428,269.62999786555577,14
171,766.9529807692307,147.49965735214312,104
1030,1210.0532575757575,248.06195608519346,132
976,842.0877926421406,123.25259515259701,299
1361,1618.6233333333332,271.05880153956167,126
1,640.7629411764706,114.187308456136,289
1526,1385.5337978810105,250.18089570345126,1227
332,896.4093893129772,286.9259551683071,262
421,1380.1196000000002,196.62279765032335,25
243,551.4195522388059,113.31787969252012,67
607,1649.702380952381,209.16662796975007,21
1622,1310.4253289473684,311.38935681562674,152
713,2521.700796178344,589.2132299786302,314
972,841.1769696969698,183.64219047018415,231
871,2493.936846153846,505.5662071807512,130
425,1288.5608682634731,214.17973432040083,334
10,664.5799248120301,69.33095891377906,133
1064,2767.19,239.93896990693284,5
1013,642.4422500000001,37.01403527633131,40
763,2171.663157894737,700.7829179083441,19
1230,1022.381818181818,166.71162934939656,77
253,734.9845222929936,111.43648844636067,157
217,656.198125,197.6896909771561,176
690,1764.4184210526319,267.5053560656734,38
206,867.3794736842104,41.64772205480835,19
389,1032.1358385093167,200.68316486522167,322
443,1301.4243037974682,274.6161655040738,79
1348,1274.1447527472528,131.43724125480998,364
439,1273.3024,214.97090979534883,25
1518,1575.7394444444442,316.0107692516581,18
964,1798.2006666666666,602.1230590000316,15
452,1152.5613709677418,155.97840623053312,124
1430,3551.79,0.0,1
1077,1580.114025974026,267.3889238070654,77
427,1520.9965476190475,334.18385088042714,84
424,1191.3397310126581,216.83593143982623,632
688,1276.6433333333334,81.7345517853714,6
675,983.6939671361503,214.699908135776,426
1029,1144.1510833333334,238.21495009688144,120
1286,2725.1936842105265,975.8112818530486,19
714,2565.571619047619,745.7200450879338,105
1351,1327.8884976525821,255.94893413213651,1065
1331,1450.3666666666668,282.35985705231394,42
774,2258.1133333333332,248.95003318381418,3
1580,940.8053535353534,276.7951418908395,99
1322,774.6784444444444,102.92952416574971,270
586,2510.0209322033897,417.059140148414,118
1590,1272.52025,468.0018714037771,40
1403,1239.2394594594596,256.15714278486917,74
1330,1648.0944487056568,299.2700148021704,1043
1692,525.2739784946236,92.23439086569134,93
1109,2754.270062305296,515.7648634770538,321
440,1299.568,366.84396415369844,10
671,1641.6227586206896,339.61880223219595,145
1018,2203.703375,287.2660946576525,160
1611,1956.2419444444442,393.5646859427547,72
371,723.1303999999999,137.63772051236535,100
400,1159.0803921568627,186.11967626129945,255
303,416.32870229007636,76.69646237646194,131
1442,1777.1680000000001,357.9061215123318,5
1624,1523.9155617977528,363.07183985778636,890
1082,1770.2921428571428,495.6093207814075,14
694,1924.9261963190186,253.81604358881262,163
546,1270.286146788991,280.0075688390782,109
366,1297.5663636363638,223.68364691203462,11
1011,598.4161363636363,64.92484264047543,132
359,1329.6825,277.6222857026251,8
1172,1723.6098566308242,322.54997686832536,279
1462,924.28825,231.0212634609727,120
994,1072.5221951219512,141.64643131733865,41
1509,888.56125,170.33677314642748,16
1264,726.3877419354837,98.25636552340455,31
1042,2511.8053846153844,458.62779190604306,351
1604,399.04918552036196,67.98655560644343,221
835,874.2560000000001,163.3704077977404,40
1318,1375.05,0.0,1
54,451.9520689655172,43.86064040519546,232
716,2475.344782608696,744.0650339486144,230
461,1635.1910958904107,224.84426709474798,73
1154,1500.9775,217.9035313361167,4
1476,1291.892,87.39109117066802,5
818,894.7814193548387,121.96454691869357,155
1690,1832.1930952380953,445.48192963719265,84
900,2239.1125,754.3625193292346,4
1662,984.8091578947369,129.08464103397353,95
1307,707.08,0.0,3
368,785.5293103448276,147.11227779604974,203
1543,1145.9282352941175,72.35251332967715,34
1350,1455.6254248366013,168.6053620782908,153
16,429.451489361702,93.66512734609677,47
631,918.4088292682927,134.8790197089739,205
569,1796.5297260273974,494.76108114836904,73
59,435.1725,54.59139006061304,4
32,1298.4386178861785,269.22896828676596,123
403,988.1395652173911,176.32960856399782,23
655,2411.528947368421,512.0092963397888,76
1323,474.86576923076916,56.393121319010106,26
484,1596.8213615023478,254.45812792328215,213
1235,1023.3824137931034,198.79179386475363,58
1431,2977.232105263158,828.4663526857383,38
204,594.8658801498127,209.9796146897932,267
1356,1379.7930526315793,242.49497616097744,95
1367,931.2401785714285,101.68125335526052,56
945,2040.0207441860464,473.78228616636517,215
706,2160.861460674157,462.1975853464767,89
103,821.6174074074073,92.47093820112879,54
856,720.5166197183098,82.95064227215137,71
1613,779.3993750000001,151.48233719103817,32
995,1122.686896551724,138.44022504697926,58
419,1106.3952142857142,150.5471918154753,140
1704,965.3431550802139,148.84434646660992,187
384,531.6667391304348,110.34668167533647,46
245,236.42258620689648,28.469118087690106,116
1539,609.4687804878048,61.520209239356895,82
624,1023.5699999999997,149.41172310096687,19
378,773.008260869565,86.73033126993589,23
1012,837.8030967741935,240.05066883840342,155
850,2426.089281437126,430.77933389481547,167
370,1029.189347826087,294.8057258558605,46
981,692.3569736842106,226.2983797882538,76
233,551.2312749003985,87.30764545301821,251
9,683.2065517241379,132.98824759524513,58
109,632.9444444444445,123.16051938751505,27
1393,1675.695294117647,689.2692262706474,17
1157,1039.8471428571431,280.79090151778433,84
585,2600.8591847826087,628.0274824979437,184
1044,2662.282857142857,356.25480895859135,7
105,921.889417475728,196.56044363401912,103
940,1966.018811881188,641.3579875889385,101
1679,1090.4066666666665,272.8328358578238,6
100,591.3349999999999,104.98198087705799,62
968,1129.9012637362637,247.23815898500192,182
275,666.6146715328467,105.14277577601236,137
537,2418.915909090909,407.52358246218085,176
1468,1101.94,61.68472217656489,4
1254,1212.548857142857,245.3807938551418,35
1557,1016.3958620689655,387.0451366667204,29
1270,607.17,0.0,1
743,1089.678,60.169266041725955,5
709,2039.0149726775956,741.9673922208364,183
148,846.4020151133502,154.312307021204,397
708,2159.558558558558,498.6947794521988,222
89,629.8495454545456,118.4549410104677,22
1673,1563.9876595744677,447.4589230462069,94
451,977.0082901554402,189.68633240216658,193
738,1452.6707692307693,166.50604139935942,13
1663,1065.7430864197531,203.6107459183748,81
15,661.878,192.31315346782898,135
732,2583.6174774774777,291.41106345117544,111
1253,953.6171428571429,177.0804167609736,119
271,731.933275862069,112.54235892281805,174
874,461.965,69.64753886534685,80
544,1979.7142105263158,339.86418252181096,19
1043,2604.366134453781,502.3004529215812,119
1612,1967.001304347826,513.6353809353569,322
630,659.8349659863945,107.68958168379211,441
336,838.5230909090906,149.03249200179286,55
1535,571.6011711711712,120.50353774283252,111
778,764.6974,130.65433526385567,100
1089,2066.3166666666666,419.3784526288459,84
401,1188.324736842105,239.05907397805785,38
915,1972.1449999999995,189.1651636276171,38
227,541.4324752475247,125.54640618414507,101
1579,971.2913333333333,235.88154533437614,180
295,645.7738732394367,80.999360020499,142
289,663.8212280701753,134.6020062162493,57
591,2609.233561643836,606.3535974501507,73
341,1861.15,54.389999999999986,2
335,771.6774137931036,117.7998063206116,116
1500,1216.462857142857,293.7671341976394,7
477,1419.435,199.89278568112735,288
999,1010.2205,143.9507371737811,320
1152,1280.9961870503596,259.5930223075827,139
1481,1362.5122950819673,230.02319945643575,244
66,707.4844444444444,146.22008692294327,81
258,669.636923076923,31.62881947372956,13
1197,903.5225,158.16521355452977,20
1190,1517.51,0.0,1
1369,1072.9114285714286,69.98425069669767,21
645,2517.6005555555553,430.4145668418895,18
704,1690.8344029850743,214.64910531540372,134
680,1346.1500000000003,260.65599450986616,303
162,676.4285714285716,150.4943964559008,21
55,350.1655294117647,28.715485861275873,85
1587,1404.1408247422678,434.76514344883105,97
969,1401.024431818182,304.8604703640442,88
1185,1490.7655555555557,361.8578726857982,9
737,2727.9265714285716,372.5121759156172,35
1175,1708.1187769784174,306.39635467396965,139
33,1481.0443750000002,364.90166609139516,48
438,830.4949999999999,139.44699650592625,42
1101,2180.0110344827585,459.71326803701743,29
1384,982.586692607004,183.68467891696272,257
1136,870.1124761904763,152.09231344517897,105
824,759.7063313609467,226.73674246878835,169
1685,996.2484210526317,110.01118829527526,19
110,889.6429166666666,125.16070826294465,72
961,2217.8118750000003,627.2109003877678,32
383,1499.9358823529415,298.15946894945574,34
1457,1451.8225,408.1694954228574,40
1065,2415.13,0.0,1
535,2331.596388888889,475.4394628198256,36
1036,527.0440414507772,102.1128619386607,193
38,923.7940625000001,222.66721521925064,128
518,1542.297160493827,287.1904939373631,81
970,1694.4942028985508,323.3442837040339,69
1234,711.6772413793103,103.9163355249873,58
1034,708.0991228070175,163.7259336784483,57
827,510.9495918367347,88.73516881789048,245
887,2338.5475,522.7766479757393,4
1327,998.4294594594594,160.60714374313935,37
1371,882.2755454545454,122.3330129351574,110
1174,1730.1646923076923,323.84139012839285,130
1670,1151.6168181818184,256.37268613177474,44
248,733.7697196261681,175.47024032079955,107
1251,1494.3550000000002,284.1988350756092,6
1078,1684.4507692307693,336.1689597195069,39
739,1389.947142857143,264.50817982027843,7
322,628.84,25.080796296312897,14
1375,1164.8321212121211,230.62934878885903,66
1170,1194.1674074074074,276.24973648511104,27
699,2051.56209039548,401.4260536032128,177
1528,603.9721848739495,77.87657604226486,119
254,1023.177142857143,221.18809055046466,21
1130,2882.995,248.82500000000005,2
1605,395.65672131147545,61.211099891326405,61
1649,1183.146851851852,372.14060618228535,54
1640,1333.364,283.3333085421736,55
869,2621.1270588235298,577.0690176151805,17
854,2437.1447557003257,435.9949340076269,307
1665,1172.6824137931035,237.16633601546656,58
886,2115.720857142857,259.24912323721617,35
120,834.6198412698413,116.62425088811031,126
74,550.1555688622753,51.65937300516891,334
1677,598.56,166.57689409999213,25
756,1742.0606201550388,253.64442213507388,129
858,854.7415909090909,181.2288397421536,44
820,1026.965446428571,137.7935724377514,112
1237,1163.565,264.26663732866473,10
1411,1019.3539999999999,306.51886082915024,10
512,1282.11625,374.5555641836568,16
18,587.9271428571428,161.02175810956072,28
287,1760.5644444444447,294.83136900084696,54
1561,1397.5685714285714,272.15962854957917,7
17,605.8935454545452,111.07610203317496,110
76,441.3994705882353,20.495481919961968,170
641,1224.0733333333335,97.09409845894623,6
1672,1492.0122171945702,346.78994270733597,221
936,2071.5681250000002,342.1389481942744,32
1520,3447.514444444445,737.5897564510483,63
1495,1547.611052631579,208.19989139728034,19
1325,943.8375,1.8489642370797685,4
1014,576.6178048780488,117.77713870908275,41
1508,683.3568852459016,123.18349806372743,61
799,1563.2003571428575,138.40498887793393,28
319,580.2315686274509,38.55999061165317,51
81,655.8015384615385,169.43577318882421,26
828,715.9250000000001,33.50784472826224,6
540,587.0214285714285,142.24246818409065,7
241,376.9655172413793,98.22203378715075,29
294,604.6453191489361,61.746353216497255,47
1229,723.5161904761906,148.78582872950508,84
1164,544.0699999999999,200.17361476977925,4
1219,2176.3891891891894,372.96695107104927,37
420,1153.2240243902438,178.25428034993317,82
1162,1309.3128571428572,153.80273662011584,7
724,2158.7568421052633,330.48976503597885,57
884,1801.9396875,312.49019998117916,32
176,434.09133333333335,93.3994881404009,30
426,1461.4329385964913,276.77569665904826,228
1675,1774.018,510.4045813822599,55
500,1118.4140000000002,310.3955544956575,45
843,885.62375,87.10013245361625,8
396,1028.489411764706,174.899971158999,17
1558,1226.06,256.53985304431745,7
659,1741.6744444444444,89.26357501630409,9
582,2616.8554187192112,410.9540620105279,203
1671,1343.0173076923077,224.61852373366258,26
418,877.2062295081968,208.92387286520542,61
1294,1242.3660975609757,287.12903230019947,41
430,713.5794262295084,316.4510261524672,122
536,2580.4021428571427,337.32333797916823,14
1177,1845.5681818181818,249.14898535973438,11
113,791.2915204678363,163.14022186297603,171
224,1247.6609999999998,345.13842096903676,10
837,929.9222,169.3992751612592,50
1049,2758.54306122449,648.4550099139227,49
992,607.1957894736842,111.14483899355403,19
136,597.1724324324324,107.47473790932392,37
563,1429.3497826086955,281.9431864562135,46
395,978.0087719298245,63.85577183573507,57
989,1593.76,305.2788710469369,13
1184,1845.9686956521734,226.0845994659742,23
152,929.2159200000001,215.19333960360763,125
1627,1769.479433962264,656.9873899694916,53
873,2467.9752941176466,482.94056814377393,85
1041,2518.376153846154,463.31282453382914,13
1153,1306.0175925925923,254.79911231555928,54
598,2630.451724137931,334.7504051973439,29
1287,2082.943181818182,444.6403068199811,22
993,930.4308695652172,144.92580587300353,23
1283,2482.7223255813956,706.1177422236066,43
73,1107.475,71.64185421246434,4
1149,1021.0833333333331,254.62047350837605,54
761,1842.942068965517,453.1741806366724,29
1377,1342.3017105263157,262.4569626092516,76
611,937.2419642857143,231.83044603468625,56
1511,786.704090909091,105.57778918706387,22
1515,3264.589512195122,669.8308711121666,164
1250,1211.6785714285713,232.07844366128646,7
1039,806.146,190.48663094296145,25
331,734.4075,147.9711655821836,8
1616,1371.9333333333334,488.24987095634634,9
1628,1975.7907272727273,469.13708955855435,55
1048,2556.0684868421054,563.2199610998024,152
249,683.7266666666667,75.1795176006515,9
1541,558.9299999999998,46.495215524467284,21
1016,700.5490476190475,83.59776248172025,84
787,797.1611764705882,204.17533105245752,17
1386,1509.0694444444443,427.05570462141276,36
1458,1988.876842105263,229.01043092889506,19
1594,1264.3435,467.2300958283295,40
1337,541.4275675675676,90.96765996192347,37
1256,725.9625,109.88563631680894,4
1482,1338.5580434782607,283.93684779036437,92
859,887.2578431372548,48.48174774051978,51
882,2099.566666666667,408.64486777097244,33
1214,1883.8799999999999,611.1037225381629,10
1691,1577.2189156626505,750.5729218532374,83
1548,1312.9821739130434,183.34683442937902,23
1459,1571.21,348.5583808584534,3
918,1611.132,358.76244425246074,40
498,1215.0528571428572,49.53660889088152,7
1635,1660.4850000000001,12.165000000000077,2
711,1653.7928749999999,186.14477861461592,80
916,1500.2546564885495,483.32579717116437,131
1279,2747.726428571429,585.991446239462,14
317,706.5004729729731,116.26644151290431,148
862,2484.8400000000006,275.8406787523288,22
1658,1457.66,232.65584387435638,9
369,1036.8476923076926,117.22153846153849,13
1527,502.06783333333334,108.1754959944205,60
221,839.635,1.205000000000041,2
684,1107.9783593749999,201.17146200356575,128
279,597.4834285714284,79.94892626609844,70
550,1116.966120689655,243.7908666458835,116
1666,1404.0866666666668,10.305819822906976,6
1358,1756.57375,468.3637888686928,8
1194,942.2390566037735,212.61725594486705,53
978,755.3342857142858,127.59860002857282,21
139,1048.3509999999999,170.12620012508359,10
1090,2205.388571428571,323.98461237395526,28
307,665.9805660377357,45.96380357740472,53
1112,2821.36,725.9015259499531,17
568,1869.2955319148937,506.04152879285994,47
1167,1352.858,211.454012910609,40
1010,738.1967346938775,106.34846211120971,49
767,1985.0649999999998,358.8919474693369,6
412,1383.224888888889,273.5800902244348,45
71,351.56,19.610000000000014,2
1093,2312.720909090909,338.775535809199,11
473,673.0748484848485,71.97633134205918,66
125,810.6995522388061,148.332821082346,67
453,1247.9879012345677,206.73559377886858,81
1311,980.58,0.0,1
720,2758.0431578947373,695.9846474742473,57
357,1482.5766666666668,40.649099894366934,6
888,1635.6566666666668,243.99386508680908,9
539,558.6827272727272,129.606385791814,33
965,615.0719999999999,278.18107673959423,10
623,670.4512903225807,103.814355081153,31
210,1027.3354545454547,243.05755302784627,44
86,730.9917948717949,126.91494286497338,39
785,1045.6863157894738,330.3296658795737,19
314,550.2462962962964,50.02840668231867,81
1091,2295.2486666666664,406.79214662800734,15
1366,1599.642222222222,436.51880648751427,9
912,1222.1976666666667,448.773773548049,90
1176,1811.4361111111111,144.0401424040029,18
3,711.3878947368421,48.57201279694733,38
114,780.724375,185.68659567160302,16
499,1080.6813157894735,99.09377114555507,38
538,409.89137931034486,111.2072542202214,29
1695,863.5166666666668,141.61429216164743,18
267,861.5130303030303,187.81123317301547,33
298,420.2275471698112,89.40054853796639,53
1436,1680.0039393939396,394.440616669253,33
982,895.97875,160.38001404769082,40
602,1013.2061290322582,267.296031729923,31
478,1495.9707954545454,204.18950600885438,88
1488,1172.3433333333332,351.693188004671,9
1568,1739.6830434782607,237.9346872647633,23
1201,1030.48,25.480000000000018,2
973,1673.14375,371.75893243093367,32
293,546.0275675675675,115.1706682207219,37
265,780.7253846153847,94.43160912414416,26
52,1193.8783333333333,46.34980201923438,12
784,1074.1080952380955,174.3236086412429,21
1503,1107.1120588235294,264.0489986701378,34
170,652.6370967741935,98.18726568748204,31
1516,3368.420294117647,598.4751055783125,34
225,779.76,55.049999999999955,2
39,1094.3167647058824,297.00708769242004,34
175,725.2192307692308,135.3223937611748,13
621,1079.0768604651164,194.52307981831817,86
404,1091.8291304347827,251.8343923096456,69
1364,1724.259193548387,250.300276682656,62
195,763.2795555555555,112.84978154767524,45
1355,1411.2211111111112,298.6973242317545,45
825,798.0182075471699,217.84570156895484,106
1687,5534.59,273.29486932615475,3
88,926.1709677419356,129.41775321589603,31
311,627.1091666666666,117.54438484095652,36
950,2266.7627272727277,187.05463096456407,11
1502,726.3516666666666,137.2195647392245,6
917,1568.5985714285712,306.951873508438,21
326,1580.1425,215.79727522318257,8
1487,959.3933333333333,70.89921430374876,6
599,2312.7373809523815,379.39219458208055,42
150,833.5860487804879,222.45216640667272,205
1546,1438.43,48.00999999999999,2
781,954.9372222222222,189.54246451229616,18
1249,1002.404375,185.96403806310073,64
1563,1363.9833333333333,197.35773041752273,6
191,905.4522499999999,86.83537831689053,40
588,2743.664285714286,321.40288961529455,7
197,861.913409090909,157.4593267531648,44
848,2694.091,428.7708848779264,20
991,1085.06,186.17000000000002,2
1272,858.67,0.0,1
350,1391.903846153846,344.3949078632409,13
312,469.8528571428572,23.90460488470532,7
600,2716.6135,517.1909869890909,20
308,634.584,64.73476611527997,15
836,712.6722784810124,165.25560992756056,79
700,1974.5433333333333,632.8394651895446,48
1620,687.4699999999999,45.679098064651015,9
382,1176.0207843137257,279.12692815096267,51
365,1597.9316666666666,196.94910403592996,6
861,2653.60375,424.0056167651999,8
432,629.41,198.39241759704427,5
1248,733.6796703296704,120.2055536963736,91
1349,1300.6504761904762,154.99924079105995,63
974,1787.278723404255,195.2726002025365,47
1452,1404.4707142857144,381.47488352940815,14
667,1403.0516363636366,265.74635959373427,110
988,804.7548148148147,117.70496626831412,27
905,547.6173913043478,21.957169120890867,46
733,1966.9333333333332,359.862218201479,6
910,2355.757142857143,314.30735182821496,28
564,1575.1566666666665,188.4351390325654,3
1059,1829.03,392.0344466157705,9
1119,2699.8272222222226,248.73690361516876,18
1027,899.3608450704226,170.67329723192861,71
2,554.1366666666665,98.11054875892692,36
1378,613.8558333333333,18.31062644947527,12
1607,1354.6961538461537,320.1299897646979,39
1504,2012.6257142857146,256.05423481627275,7
1555,1662.92,125.40342690692314,5
449,1395.088,212.32740834852197,10
177,486.59399999999994,79.3691446176241,15
1040,742.8875862068966,132.91244783964115,29
1683,782.35,0.0,1
822,1028.1,0.0,1
1684,653.3558333333334,131.88591126792969,36
665,1245.285,62.75563938802624,4
769,1147.6466666666665,60.566220141446976,3
57,364.8171428571428,20.408587628241015,7
851,2530.347,519.3979033852563,10
1617,1837.411267605634,439.410933117809,71
309,642.6700000000001,48.41019933856912,4
264,751.9833962264153,81.08146122575357,53
220,1343.25,197.3800000000001,2
632,1161.4153333333334,218.54676146053706,15
226,777.206,146.06448501945982,65
1693,844.5716666666667,155.47370339456833,6
552,1387.9204761904762,276.43202766470614,21
1196,1019.7242857142857,255.84480665269805,21
553,1160.6799999999998,479.65,2
1390,1726.1799999999998,347.9032804099438,10
1324,853.7117857142858,67.24903764864123,28
855,2639.2146153846156,417.99236343070976,13
1338,566.5457692307693,124.24304930792451,26
670,855.817,114.77232950933772,10
605,2204.090088495575,438.98168301435544,113
1332,422.93034482758634,59.14508657021593,29
276,731.0814285714285,106.66575898954791,14
1551,1473.8623076923077,243.93396928594765,13
214,412.366,87.25216160073056,10
202,786.8450000000001,48.61936814000499,6
132,748.7450000000001,20.878373380127087,4
1512,763.59,108.57210654675535,5
984,859.7950000000001,55.795000000000016,2
1187,1867.626666666667,156.79881745585828,6
1242,1400.895,197.61025359277284,4
823,1385.29,0.0,1
643,958.9991666666668,185.72241143632132,96
454,1305.577105263158,288.41543614165033,38
1122,2324.8900000000003,548.9100000000001,2
1592,1058.0469565217388,324.14773571474797,23
1467,1347.0049999999999,122.74307027282642,8
1118,1970.92,0.0,1
1664,1199.2923404255318,130.0104198150281,47
1222,938.5057142857144,253.98426564635525,7
956,1693.8916666666664,943.9235707392957,12
526,1223.9199999999998,92.05222376455663,18
1694,653.2744444444444,224.41387519546763,9
78,636.0663636363636,102.80843697892496,11
19,636.5600000000002,210.13006710898327,31
209,861.8336764705882,244.43011574888428,68
935,2059.9425,253.70647216567025,4
1618,1894.634285714286,280.22566828780504,7
1045,2663.6383333333333,701.5518817691882,6
723,2739.5238888888885,642.3826127968949,18
1056,1762.21,171.8348088281301,8
215,589.722,71.7080249995308,30
218,762.6133333333333,138.3083414773752,12
60,728.88,115.76679662148385,10
977,724.0576923076923,135.17475554148487,39
656,1564.9266666666665,25.19127009280975,3
1328,833.34875,192.29896544427248,8
683,996.5264516129034,132.57464569425534,31
203,1003.8162500000001,184.51000196042898,8
896,639.42,0.0,1
405,1281.624,139.43212923856538,5
1517,1574.947213114754,394.5511427720431,61
815,2138.543333333333,344.02681142285667,9
707,2152.406428571429,567.8909870481996,42
883,1840.9811111111112,466.99063703306,9
717,2582.5644444444447,436.606329549251,18
938,2037.8025,429.93516109263504,16
1133,3034.63,309.99,2
448,1385.6257142857144,99.02999630085291,7
1266,1136.1824390243903,333.713360351332,41
758,1840.6613636363634,289.0118450119846,22
1469,1232.5,0.0,1
256,1242.2520000000002,238.5637171197666,20
1211,809.0,0.0,1
502,1452.658,75.68971539119435,5
212,630.6678571428571,84.26016362421565,28
372,729.29875,107.30594128908939,16
1245,1119.6633333333332,76.45410337072968,6
1155,1371.0016666666668,108.55137008450068,6
663,2658.5062500000004,546.5732957695953,8
638,605.09,0.0,1
1529,581.68,0.0,2
740,1557.9879487179487,170.4528841160646,39
362,2209.2085714285713,339.8199331759004,14
780,813.4545454545455,64.75389989850893,11
1595,1435.2442857142855,825.0770012352465,21
892,1494.518888888889,199.48252869442223,9
751,1230.86,0.0,1
126,904.5642424242424,253.40495383967274,33
67,525.5521428571428,22.164463571405538,14
406,1101.1970000000001,277.04485622548566,10
920,1196.8485714285714,195.2953033908666,7
649,2409.5846153846155,365.21095873302903,13
1599,1239.7636,526.8661591780591,25
1656,1190.76,106.51526432081616,6
11,457.55333333333334,60.20778539543058,3
375,936.6894285714285,243.56639559374892,35
397,1152.3266666666666,36.450576889201045,6
1441,1416.4728571428573,296.731847956765,7
840,1023.39,188.19260844942872,8
1445,1384.145,182.94624982491447,4
1192,2174.7660000000005,213.81955860959016,10
783,845.3615384615385,217.34255613046753,13
759,1900.5425,616.3464377026528,16
1233,778.5120000000001,109.76721685457822,5
268,810.1478048780488,85.22110712763295,41
1295,2406.5,0.0,1
1341,888.16,40.87784811687946,3
1084,1867.382727272727,313.625181418576,22
1657,1321.845,7.644999999999983,6
689,1893.2966666666669,89.03116096189147,3
1570,1702.492,231.96880813879557,15
1277,1075.2055555555557,312.97862222384424,18
82,501.9308333333333,72.44300109492212,12
1193,2333.4733333333334,194.25498231848667,6
1619,1893.8059999999998,323.19297314556,15
21,793.13,230.49807526311363,4
860,889.0654545454546,45.51718064516188,11
772,2247.24,0.0,1
179,450.845,35.559882944126805,4
1531,585.9075,98.55419533814884,8
281,563.175,31.38499999999999,6
1505,1789.09,0.0,1
464,964.665,393.93499999999995,4
985,1496.1914285714283,192.29061480170148,28
794,1350.0366666666669,198.32761874120197,3
927,856.2675,51.008784721359525,4
1258,968.9075,268.0711716014051,8
1346,1140.57,0.0,1
1085,2009.2285714285713,363.08908808124966,14
559,1417.8416666666665,278.48227339854543,24
954,2030.4360000000001,658.2782988098575,10
1573,1462.735,305.8743093249252,10
1075,2664.125,264.3530738583029,6
122,731.65,0.0,1
1416,1375.7071428571428,282.7152092888978,14
573,818.64,379.2727707600428,10
356,1769.1871428571428,162.8135076630653,7
1240,1048.4750000000001,118.6366945412197,6
1534,567.4712499999999,124.03621002931968,16
1522,3574.3633333333332,355.8116309072666,3
1024,1866.98,381.3079968345799,4
43,468.7345454545454,82.90989490572423,33
1308,576.65,90.91883431574192,6
909,2186.2338461538466,511.84934221279275,26
1282,2298.4876,659.6203249098985,25
234,797.69,0.0,1
1226,1313.5900000000001,265.5832189728862,3
943,2285.0633333333335,253.50142199907978,3
762,1992.967142857143,576.9989802016478,21
1391,1666.614,527.351185789887,20
1492,1058.83,0.0,1
545,2005.8100000000002,518.6249926274069,9
1615,1519.9382608695653,416.7374208388421,23
1114,2957.335,403.205073907807,4
625,1154.874,165.1221557029825,5
1168,1341.796,213.23716376529364,15
1372,1297.396,62.351358156819614,5
251,1958.74,0.0,1
669,1149.6514285714286,49.69772944758039,14
262,908.4913333333333,58.08096978835281,15
338,826.7000000000002,2.884995667241116,3
1682,1931.32,364.69419362894536,3
250,1041.556,53.232189359446785,10
1678,1018.2666666666668,9.380949963741573,3
931,1357.9811111111112,132.8153236176245,9
1353,1195.5503703703703,103.35445882554887,27
810,1474.4650000000001,319.81499999999994,2
229,496.05166666666673,26.693401442220818,6
891,1609.288,68.71375478024761,5
1208,794.52,0.0,1
816,1794.0857142857144,583.72473921134,7
839,729.926,50.1361560552861,5
1099,2453.95,161.93999999999983,2
765,1743.0747058823529,431.87378231196544,17
445,1327.8267741935485,72.95930590833792,31
814,935.4178571428571,143.77489852337982,14
36,661.496923076923,165.50605075551283,13
69,579.93,74.61013771599674,4
1265,973.8866666666667,314.0122275043159,3
890,1809.67,269.8187885970879,5
364,1514.7150000000001,157.47820785746833,8
1379,756.9336363636364,40.70908280888304,11
734,1620.99,153.10444474279637,4
242,476.1425,90.6864138230382,12
894,1614.425,116.70146196599256,4
1409,2019.378888888889,367.8303262358412,9
1094,2309.964,709.8641093223406,5
838,1061.27,263.6171684323835,13
1421,1401.055,567.8585035684506,4
154,904.5433333333333,270.1696540379081,27
216,617.89,0.0,1
1150,723.875,47.171924648036146,4
1540,355.32000000000005,5.684341886080802e-14,10
1186,1904.9375,115.498224959304,4
924,1302.8185714285717,594.5039564311115,7
616,608.365,110.99924932178595,8
1414,1183.775,87.45500000000004,2
450,1362.3105882352938,195.86584425752437,17
847,2679.286666666667,51.628223117033784,3
1423,3296.64,0.0,1
447,1098.59,322.030674625881,3
1559,1632.145,5.414999999999964,2
1169,1671.69,12.990000000000009,2
532,1233.1237500000002,107.12040631195116,8
1550,1933.93,0.0,1
813,1005.680476190476,178.27035411676306,21
385,780.5646153846154,64.07335238919947,13
603,639.18,0.0,1
1079,1736.922142857143,327.1255904777371,14
921,1872.5565384615386,283.0046810151368,26
846,719.150625,41.39822995442411,16
117,948.8199999999999,41.044651991981326,7
610,1239.74,182.68325249693018,14
1023,1049.7675,215.20295684636088,12
906,1514.1224999999997,326.0414598156958,12
1095,2875.4990909090907,313.8480052061839,11
1100,2040.2322222222222,482.6222476210203,27
27,567.835,16.09499999999997,2
1593,966.57,0.0,3
952,1426.5294444444444,123.08343522777197,18
98,825.95,21.77000000000004,2
728,1769.48,0.0,1
657,1623.9152380952378,281.2199209501863,21
960,2438.5775,425.1912281770992,8
1171,1300.4045,244.17819827894135,20
1179,1619.8400000000001,497.2304491078558,5
433,744.0333333333334,62.778953125673866,3
864,644.8933333333334,277.8479572636005,3
107,1600.7024999999999,83.83766467853219,4
329,763.8579999999998,46.65871597033078,25
1019,2121.323939393939,356.4032649744965,33
1464,1243.0928571428572,397.0189645601431,7
1022,1054.03,311.4474055576181,7
980,1922.67,0.0,1
1473,1665.7966666666669,185.25921341610928,3
1126,2803.165,174.7550000000001,2
340,1648.8375,458.35691073523697,8
527,1245.8975,159.73152058610725,4
622,1305.0738888888889,182.51802069746705,18
1255,1162.575,433.7220770262912,8
1115,2988.1357142857137,651.1195932689903,7
1306,769.6654545454547,239.43099827274727,22
554,1199.4164,199.73887286915382,25
1124,762.07,0.0,1
390,936.2610000000001,159.63010339218602,10
328,609.2233333333332,4.665928513049554,6
1596,1090.553,150.72248910165993,10
1236,1082.5864285714285,163.8093095909798,14
1552,1492.6825,194.01333870059042,8
1448,2513.5,0.0,1
687,1331.6425,64.36070807371527,8
1569,1808.1875,53.281006641673024,8
1335,599.0633333333334,132.36378264297056,3
1288,2097.44,152.50209244466117,3
290,669.1475,96.28289603429052,4
1434,1464.932,67.06370565365448,5
1072,2585.71,190.51999999999998,2
1051,2918.2025000000003,676.2620792405485,4
633,1341.245,156.78078892198494,8
24,780.41,0.0,2
51,575.742,29.23774026835863,5
1244,720.7066666666666,126.03686030505342,3
692,1559.5666666666668,161.01314735828947,3
1396,1417.708888888889,362.7183654770199,9
746,2001.3,691.3614396247451,4
757,1507.5,0.0,1
866,1472.8727272727274,169.7337727732307,11
127,882.0150000000001,47.80500000000001,2
1071,3102.66,0.0,1
1050,2394.7250000000004,121.78500000000008,2
735,2955.193333333333,170.60634011926078,3
1420,886.4316666666665,330.5230371908876,12
1302,3449.91,159.25,2
1098,2383.221666666667,499.0125785794939,6
584,2651.0517647058828,358.4955468627403,17
949,1641.28,486.6299999999999,2
1304,3617.1600000000003,2030.702445916191,4
1073,2853.295384615384,414.6206810051324,13
627,559.56,0.0,1
842,1126.0175,430.1098459914049,4
373,839.035,355.8814030333701,4
1017,745.32,0.0,3
1347,1011.24,6.240000000000009,2
1583,799.115,88.47500000000002,2
1413,1346.5083333333334,481.4848320358135,6
1490,1473.61,0.0,1
533,1307.7566666666664,88.82791859670145,6
747,1475.0579999999998,780.9204526300998,5
727,1649.4099999999999,156.87071388567085,8
889,2035.96,0.0,1
1696,496.005,94.89453066431173,8
320,950.07,147.3097628581804,6
1231,1044.8742857142859,149.56801136770457,14
650,2279.04,3.880000000000109,2
547,1575.7725,497.907444354621,8
1630,606.434,22.080365576683754,5
1128,2229.76,0.0,1
933,1407.878,73.45524907043749,5
1227,738.14,114.94708028769877,3
501,1257.6650000000002,264.140237863021,12
1652,640.571111111111,74.33475819926511,9
1547,1876.4250000000002,63.245000000000005,2
1451,750.74,28.143022669926566,8
305,449.44,0.0,1
634,598.2033333333334,25.937210935470922,9
1654,1014.225,37.97682747413215,4
183,447.3,0.0,1
124,889.824,159.89042649264525,10
392,489.39714285714274,121.22300414811488,7
551,1407.4378571428572,187.96172798808087,14
1582,1658.4,0.0,1
811,901.5499999999998,64.07954483816707,3
962,2010.0,0.0,1
604,1541.42,9.009999999999991,4
1565,1182.5375,75.99081469987009,4
1111,1151.89,0.0,2
1092,2782.2366666666667,263.3085802290199,9
1344,1140.57,0.0,1
872,2833.45,0.0,1
695,1492.1766666666665,110.84944273903932,3
908,1263.4169565217392,166.334064289042,23
1297,1681.3566666666666,797.6000113813662,3
975,1148.4175,57.01478245814855,8
1510,942.950909090909,325.56071366335306,11
1066,2762.81,224.1134991471955,4
770,2333.28,97.80561333584082,6
1533,814.5542857142857,27.42795021617958,14
566,1171.324,145.75906793060938,10
1475,670.1800000000001,202.84529861800735,7
1086,2268.8360000000002,406.4460562780749,5
186,704.93,0.0,1
1521,3674.0950000000003,244.115,2
807,1344.59,0.0,1
1418,1286.15,389.51000000000005,2
1290,2271.5875,669.789613773422,20
343,1873.365,4.8250000000000455,2
570,1782.6466666666665,866.943748553247,6
797,1736.06,0.0,1
898,2312.57,0.0,1
1407,1818.3200000000002,471.93852086897925,5
521,779.7433333333333,152.51821865673043,3
1165,1242.3,0.0,1
1232,1045.33,113.00160330720976,4
41,1568.2220000000002,138.9590560416988,5
1315,1332.0,307.0999999999999,2
1239,781.9200000000001,79.54878528299471,5
1456,1105.5,0.0,1
662,3299.385,185.5150000000001,2
1067,2558.31,0.0,1
1180,1781.1771428571428,193.94168318737212,7
1574,1462.9025,271.8100808813941,4
1653,796.2028571428572,97.88926363342343,7
348,1495.79,0.0,1
902,1721.9540000000002,427.7728667692705,5
1438,1855.85,0.0,1
773,2077.2159999999994,170.51407796425485,5
560,1452.5666666666666,142.0588029264251,3
361,1879.7766666666666,149.59276103994986,3
525,1109.1,0.0,3
455,1284.586,267.43925434386034,10
172,370.61999999999995,5.684341886080802e-14,7
1461,755.04875,53.766870709922316,8
1655,1085.4399999999998,59.23297927112338,6
1424,1165.1,0.0,2
1703,1892.2800000000002,191.47647362012907,4
771,2505.7120000000004,287.9548307217644,5
1215,1069.84,0.0,1
845,1159.4285714285713,78.22000245252794,7
834,831.8154545454545,224.30567906577178,11
844,1064.31,59.309999999999945,2
789,756.09,194.55529342580223,6
1566,1425.9766666666665,120.86744759813911,6
1408,1530.6263636363635,429.9868319183048,11
237,1327.85,0.0,1
557,1291.868,201.57617908870085,5
1466,1083.0090909090911,387.33300362759377,11
1206,1113.2749999999999,47.58298671794363,6
922,1999.8508,489.04402020202645,25
1087,1995.5771428571425,392.88512165823755,7
20,260.13,0.0,1
1352,1162.7624999999998,33.857263160952655,4
1139,511.15,22.726474429616204,5
1405,1264.795,12.774999999999977,2
1137,658.7385714285716,80.7231654533959,7
1399,1520.3788888888892,435.81495656463204,9
339,771.995,451.05911838139355,4
1591,1646.3714285714286,550.720962905602,7
710,2283.333333333333,225.89541087759082,6
1651,488.27200000000005,30.013761110530634,5
394,674.8666666666667,20.190559400098103,3
1147,1353.5749999999998,374.025,2
65,430.7816666666667,23.190939622092824,6
1300,1092.4133333333334,0.018856180831624117,3
337,820.8590909090909,82.73079436060789,11
358,1743.03,0.0,3
446,1183.9166666666667,15.759053130044112,3
804,1409.9499999999998,179.09000000000003,2
1621,692.185,184.23366555817103,4
318,610.9359999999999,80.74799999999998,5
1289,2286.463333333333,4.516055309178049,3
703,2035.252,113.91408804884493,5
606,1248.9499999999998,79.09000000000003,2
128,539.28,7.490000000000009,2
612,1402.3600000000001,54.020000000000095,2
342,1836.9433333333334,221.2903992997035,3
802,1537.915,85.70499999999993,2
1120,2763.3344444444438,120.95749805531887,9
555,1389.5033333333333,218.11095499513286,3
1221,745.32,0.0,1
946,2356.93,0.0,2
1686,659.94,0.0,1
1447,1311.9,0.0,1
753,2012.4633333333331,107.73950322679026,3
1681,1908.6133333333335,2.4937299149846477,3
979,1797.1000000000001,117.36670425068034,3
363,1507.5,0.0,1
1145,678.625,5.955000000000041,2
1293,238.88,0.0,1
428,769.7533333333334,4.959175558721644,3
199,923.31375,183.2809190789851,8
791,680.525,176.02499999999998,2
1380,2224.09,0.0,1
70,389.23,0.0,1
1134,3446.43,0.0,1
1597,2518.367142857143,702.4962465728764,7
893,1719.5333333333335,229.95583928707313,3
1225,767.9642857142857,64.19399456939495,7
523,1357.3175,73.96540082193837,4
232,636.88,0.0,1
184,903.38,0.0,1
729,1813.632857142857,225.3745751102427,7
831,952.8311111111111,261.65406251785726,9
530,1327.2,0.0,1
129,539.28,7.490000000000009,2
503,1465.145,269.10007371793864,4
257,740.2950000000001,227.84499999999997,2
1200,847.035,45.174079680719544,4
1397,1091.7,0.0,1
1262,609.8733333333333,8.523740702036616,3
1486,1551.27,8.900000000000091,2
1063,2919.69,0.0,1
803,1407.27125,314.03685565700323,8
685,1470.18,0.0,1
1419,2045.86,0.0,2
589,2163.666666666667,500.8345976023977,6
1554,1998.71,0.0,1
1057,2259.1414285714286,346.1450262298643,7
299,1862.6633333333332,72.73771755805616,3
463,1598.55,0.0,4
1339,751.7875,445.97321608898216,4
608,1765.77,0.0,1
352,2071.4875,226.4239845262643,4
402,1261.52,76.02396628695458,4
1267,1063.2133333333334,287.98501643121796,3
1601,1399.28875,453.8843040753199,8
5,773.0899999999999,254.46999999999997,2
174,354.18,0.0,1
77,723.53,0.0,10
1524,1140.578,252.56084112414047,15
1381,1906.85,0.0,1
730,1644.02,0.0,1
178,484.525,7.814999999999998,2
800,1847.965,163.16627247994603,4
158,762.74,0.0,1
1493,2410.95,0.0,2
230,651.31,0.0,1
1491,868.61,0.0,1
1301,2957.92,0.0,1
865,1023.46,3.8600000000000367,5
1637,2022.515,100.05500000000006,2
1121,2646.5150000000003,28.214999999999918,2
1669,1013.0,0.0,1
1453,1809.3020000000001,442.83686758895755,5
273,482.89,19.610000000000014,2
238,744.825,66.17500000000001,2
615,995.7133333333333,186.54361256523606,6
1046,2627.3733333333334,20.840275643304064,3
353,1626.1259999999997,503.2406771555734,5
466,950.3975,21.35274616413542,4
310,651.285,15.355000000000018,2
1052,2953.02,34.80000000000018,2
744,1532.4333333333332,295.3036189340651,12
1260,1653.0200000000002,123.59914562811512,4
1614,1492.5220000000002,241.93060305798437,5
1634,1305.72,0.0,1
323,973.0350000000001,280.39500000000004,2
1439,646.64,0.0,2
830,1100.92,0.0,1
200,315.725,17.595,2
929,1654.13,0.0,1
1410,1760.5825,94.55252915046746,4
1151,672.67,0.0,1
1257,739.53,154.12288512742032,5
1600,900.18,152.3532270744535,3
1247,1137.02,0.0,2
1138,502.0016666666666,100.86977122618164,6
987,1505.75,0.0,6
462,2520.5425,615.3560885932227,4
347,1699.56,142.63,2
696,1319.506666666667,98.02289743841601,3
966,884.735,2.855000000000018,2
1536,597.2,56.35758546992587,5
1437,1513.1866666666667,229.84331936246383,6
1273,704.185,30.015000000000043,2
948,1788.5942857142857,922.6347019248291,7
793,1127.205,37.06011636517084,4
986,852.77,0.0,1
75,474.59250000000003,53.35149500014033,4
629,550.46,0.0,1
895,1416.8700000000001,386.0049872734807,4
1123,2626.7149999999997,155.15706952955765,4
1556,550.46,0.0,1
812,1120.363333333333,118.82901689215291,6
201,753.75,0.0,1
1454,1762.935,303.235,2
1080,1839.7633333333333,141.4650563056317,3
376,1180.7199999999998,208.1075744657075,4
159,959.76,0.0,1
1578,1658.4,0.0,1
1203,1233.16,0.0,1
1660,638.2242857142857,82.29781108999244,7
155,758.485,30.29499999999996,2
1299,1310.35,0.0,8
1478,864.4399999999999,259.1360764154617,6
748,765.8,179.6792541486873,7
1161,840.84,0.0,1
22,868.61,0.0,1
1285,2231.82,0.0,2
360,1287.7150000000001,150.69500000000005,2
1697,572.2233333333332,87.43861707252438,3
911,1062.585,14.305000000000064,2
1345,784.93,0.0,3
471,1161.63,0.0,1
1342,636.8666666666667,42.10585179705492,3
576,1020.06,0.0,1
1513,2548.0299999999997,1040.53,2
321,633.1125,125.68674042535274,4
726,2261.66,75.47000000000003,2
775,1951.916,669.2301919250207,5
646,2043.01,0.0,1
1097,2226.36,0.0,1
879,3706.25,0.0,1
1047,2109.31,86.78999999999996,2
1141,1594.08,508.64006061916393,3
62,909.23,0.0,1
958,2510.6675,110.22241205285786,4
387,603.0,0.0,3
1070,2776.23,0.0,1
1385,991.4899999999999,4.8083261120684915,3
163,616.9383333333334,162.5484973186635,6
1532,588.4725000000001,82.13311797776824,4
1575,831.78,0.0,1
247,1478.13,0.0,1
157,758.0325,18.385991100563484,4
198,797.6533333333333,168.3574105553091,3
116,926.56,0.0,1
1263,602.9633333333333,5.901984600303708,3
1313,1481.41,0.0,1
1142,1277.18,0.0,1
636,648.2,0.0,1
1181,852.77,0.0,1
1316,471.38,0.0,1
901,1865.0314285714287,151.8158151396968,7
1271,972.405,113.73500000000007,2
1178,1339.32,0.0,1
1417,1039.58,0.0,1
668,938.0433333333334,42.66742186831645,3
697,1803.0677777777778,409.98201653725084,9
173,632.8633333333333,32.64947710998685,3
1363,1554.82,511.1440916219222,3
64,699.9,0.0,1
1198,852.77,0.0,1
597,2898.773333333333,585.5080855879693,3
558,726.1,0.0,1
1238,893.26,0.0,1
990,853.3,24.560000000000002,2
1224,1065.96,0.0,1
1020,715.3399999999999,183.55,2
407,1232.5,0.0,1
1246,898.89,0.0,1
50,425.19,0.0,2
971,893.26,0.0,1
635,647.848,81.35455301333786,5
422,1426.7749999999999,59.51092273692291,6
1496,1933.15,0.0,1
1497,1386.75,0.0,1
235,1185.72,0.0,1
1243,893.26,0.0,2
1268,2784.32,0.0,1
354,1263.26,0.0,2
12,458.52,77.14999999999998,2
548,1054.3,151.9855315482365,3
1314,799.4525000000001,41.6040282755168,4
1576,1526.4650000000001,71.82499999999993,2
691,1100.92,0.0,1
1501,749.4300000000001,140.43,2
541,633.516,88.95780361497243,5
1021,1580.4699999999998,462.62,2
1542,1813.18,0.0,1
513,1487.94,0.0,1
661,2859.95,344.9399999999998,2
1544,1197.7033333333331,141.18510599760708,3
796,2792.38,0.0,1
853,333.32,0.0,1
1129,3046.49,0.0,1
764,2399.4,0.0,1
1484,1646.24,129.78999999999996,2
658,1580.28,0.0,1
1083,1548.8,0.0,1
841,1473.61,0.0,1
1659,481.98,0.0,2
497,894.345,90.34500000000003,2
49,601.23,0.0,1
786,1283.09,0.0,1
1537,587.55,0.0,1
1432,2068.085,59.094999999999914,2
1188,1749.56,0.0,1
742,1063.59,0.0,1
1489,2562.25,0.0,1
681,971.78,0.0,1
574,1865.6299999999999,71.93055864280953,3
642,1184.87,0.0,2
1343,696.8900000000001,119.57,2
1639,1271.23,0.0,1
1305,743.2633333333333,141.07251689192412,3
578,2222.27,0.0,1
1163,1072.7849999999999,59.78499999999997,2
344,735.78,0.0,1
444,1333.28,0.0,1
741,2937.36,0.0,1
1025,1882.585,177.04500000000007,2
495,1268.45,0.0,1
849,2528.67,510.35,2
1564,1146.336,77.52852471187622,5
185,575.57,0.0,1
46,391.81,1.9300000000000068,2
304,610.5450000000001,152.195,2
189,583.85,0.0,1
1382,1493.36,0.0,1
165,759.4649999999999,105.065,2
1002,686.46,28.02971280623476,3
182,870.35,0.0,1
1577,1454.64,0.0,1
571,887.59,0.0,1
1549,1296.8,0.0,1
1383,2386.165,401.07499999999993,2
345,689.13,0.0,1
1000,1044.42,0.0,1
1309,572.93,0.0,1
130,976.45,0.0,1
1700,1293.29,0.0,1
1074,3178.795,736.835,2
561,1640.33,0.0,1
1241,1259.26,0.0,1
1567,1175.11,0.0,1
1586,1050.21,0.0,2
68,240.99,0.0,1
1444,2231.46,0.0,1
1499,3807.08,0.0,1
660,2050.42,0.0,1
379,774.56,0.0,1
637,648.2,0.0,1
1455,1376.22,0.0,1
1131,2781.05,0.0,1
1631,756.745,32.03499999999997,2
867,1723.6283333333338,170.1408371924729,6
1223,1193.87,230.95999999999998,2
213,1809.0,0.0,2
1183,852.77,0.0,1
1368,1154.9650000000001,122.21500000000003,2
1278,2014.59,0.0,2
1702,1165.1,0.0,1
522,1144.11,0.0,1
300,724.4399999999999,19.912126958213182,3
1060,1740.71,0.0,1
1603,847.96,0.0,1
79,567.0,0.0,1
330,594.56,0.0,1
131,894.39,0.0,1
429,1132.57,0.0,1
795,2122.015,223.1249999999999,2
1146,279.78,0.0,1
750,1155.845,188.74499999999995,2
1427,1853.12,0.0,1
1127,3131.82,0.0,1
1545,1058.83,0.0,1
528,955.54,0.0,1
1553,1998.71,0.0,1
1632,951.3,0.0,1
1470,1314.8033333333333,332.96956160519477,3
1365,1577.56,0.0,1
1401,1355.07,0.0,1
798,2051.77,0.0,1
246,1537.98,472.02,2
1498,2090.9633333333336,531.713616484998,3
1465,707.79,0.0,1
1269,2784.32,0.0,1
1523,1724.38,0.0,1
572,2441.173333333333,592.9467483865834,3
1317,702.06,0.0,1
61,927.98,0.0,1
48,484.38,0.0,1
1446,898.89,0.0,1
1296,2189.47,0.0,1
123,603.0,0.0,1
955,438.06,0.0,1
1433,5720.22,0.0,1
1319,1467.88,0.0,1
219,877.29,0.0,1
1102,3114.68,0.0,1
1259,968.155,97.805,2
115,1271.23,0.0,1
108,1063.59,0.0,1
1281,1873.45,0.0,1
346,1934.12,0.0,1
1633,997.5550000000001,212.62500000000006,2
156,836.62,0.0,1
34,2010.0,0.0,1
1398,773.26,0.0,1
53,648.36,0.0,1
941,1871.56,0.0,1
1412,2520.52,0.0,1
188,308.12,0.0,1
749,1218.49,0.0,1
1132,3131.82,0.0,1
1572,1797.79,0.0,1
542,852.77,0.0,1
1480,1324.16,0.0,1
885,2013.13,0.0,1
121,738.52,0.0,1
651,3420.69,0.0,1
1276,898.89,0.0,1
1571,1287.3,0.0,1
1440,1472.93,0.0,1
1032,2022.02,0.0,1
